uid	username	season	team
135	adam2552	1	AZ
20	ADwyer87	1	AZ
54	.Broken	1	BAL
34	evryday	1	BAL
12	DELIRIVM	1	COL
21	Noble	1	COL
7	Grapehead	1	OCO
104	Jbearly	1	OCO
33	ckroyal92	1	SJS
6	Perkules	1	SJS
25	RavensFanFromOntario	1	YKW
8	NUCK	1	YKW
331	4D Chess	2	AZ
20	ADwyer87	2	AZ
151	HENDRIX	2	BAL
94	Noppadet	2	BAL
21	Noble	2	COL
115	Anti-Hype	2	NOLA
25	RavensFanFromOntario	2	NOLA
104	Jbearly	2	OCO
207	Jiggly_333	2	OCO
135	adam2552	2	PHI
268	Silver Fox	2	PHI
159	7hawk77	2	SJS
33	ckroyal92	2	SJS
145	Bzerkap	2	YKW
8	NUCK	2	YKW
331	4D Chess	3	AZ
20	ADwyer87	3	AZ
151	HENDRIX	3	BAL
381	ItsJustBarry	3	BAL
257	Daybe	3	COL
382	TheMemeMaestro	3	COL
271	Ben	3	NOLA
25	RavensFanFromOntario	3	NOLA
149	Molarpistols	3	OCO
140	Roshambo	3	OCO
135	adam2552	3	PHI
305	Oles	3	PHI
33	ckroyal92	3	SJS
220	Muford	3	SJS
265	bovovovo	3	YKW
145	Bzerkap	3	YKW
331	4D Chess	4	AZ
20	ADwyer87	4	AZ
151	HENDRIX	4	BAL
381	ItsJustBarry	4	BAL
257	Daybe	4	COL
382	TheMemeMaestro	4	COL
271	Ben	4	NOLA
460	Keyg_an	4	NOLA
402	JuOSu	4	OCO
149	Molarpistols	4	OCO
25	RavensFanFromOntario	4	PHI
305	Oles	4	PHI
33	ckroyal92	4	SJS
220	Muford	4	SJS
265	bovovovo	4	YKW
145	Bzerkap	4	YKW
446	AdamS	5	AZ
161	DeathOnReddit	5	AZ
151	HENDRIX	5	BAL
381	ItsJustBarry	5	BAL
242	sapp2013	5	COL
382	TheMemeMaestro	5	COL
271	Ben	5	NOLA
460	Keyg_an	5	NOLA
147	Bwestfield	5	OCO
149	Molarpistols	5	OCO
25	RavensFanFromOntario	5	PHI
305	Oles	5	PHI
33	ckroyal92	5	SJS
220	Muford	5	SJS
145	Bzerkap	5	YKW
277	SwagSloth	5	YKW
446	AdamS	6	AZ
161	DeathOnReddit	6	AZ
151	HENDRIX	6	BAL
381	ItsJustBarry	6	BAL
242	sapp2013	6	COL
382	TheMemeMaestro	6	COL
271	Ben	6	NOLA
265	bovovovo	6	NOLA
147	Bwestfield	6	OCO
149	Molarpistols	6	OCO
305	Oles	6	PHI
459	PDXBaller	6	PHI
33	ckroyal92	6	SJS
220	Muford	6	SJS
145	Bzerkap	6	YKW
277	SwagSloth	6	YKW
161	DeathOnReddit	7	AZ
535	run_CMC	7	AZ
151	HENDRIX	7	BAL
381	ItsJustBarry	7	BAL
242	sapp2013	7	COL
382	TheMemeMaestro	7	COL
265	bovovovo	7	NOLA
494	tbone415	7	NOLA
147	Bwestfield	7	OCO
149	Molarpistols	7	OCO
305	Oles	7	PHI
459	PDXBaller	7	PHI
33	ckroyal92	7	SJS
220	Muford	7	SJS
145	Bzerkap	7	YKW
277	SwagSloth	7	YKW
530	Roly	8	AZ
535	run_CMC	8	AZ
294	manicmav36	8	BAL
300	iamslm22	8	BAL
592	Supersquare04	8	COL
382	TheMemeMaestro	8	COL
245	AsylumParty	8	NOLA
265	bovovovo	8	NOLA
149	Molarpistols	8	OCO
582	speculadora	8	OCO
314	kckolbe	8	PHI
459	PDXBaller	8	PHI
33	ckroyal92	8	SJS
646	Dawegg	8	SJS
145	Bzerkap	8	YKW
277	SwagSloth	8	YKW
530	Roly	9	AZ
535	run_CMC	9	AZ
294	manicmav36	9	BAL
300	iamslm22	9	BAL
242	sapp2013	9	COL
592	Supersquare04	9	COL
265	bovovovo	9	NOLA
149	Molarpistols	9	OCO
582	speculadora	9	OCO
135	adam2552	9	PHI
662	BWIII	9	PHI
33	ckroyal92	9	SJS
646	Dawegg	9	SJS
145	Bzerkap	9	YKW
218	White Cornerback	9	YKW
684	dub	10	AZ
535	run_CMC	10	AZ
294	manicmav36	10	BAL
300	iamslm22	10	BAL
130	dropbear	10	COL
562	infinitempg	10	COL
446	AdamS	10	NOLA
399	Bayley	10	NOLA
346	RedCydranth	10	OCO
582	speculadora	10	OCO
135	adam2552	10	PHI
662	BWIII	10	PHI
33	ckroyal92	10	SJS
145	Bzerkap	10	YKW
218	White Cornerback	10	YKW
684	dub	11	AZ
535	run_CMC	11	AZ
294	manicmav36	11	BAL
300	iamslm22	11	BAL
130	dropbear	11	COL
562	infinitempg	11	COL
446	AdamS	11	NOLA
399	Bayley	11	NOLA
346	RedCydranth	11	OCO
582	speculadora	11	OCO
662	BWIII	11	PHI
723	AW13	11	SJS
33	ckroyal92	11	SJS
145	Bzerkap	11	YKW
218	White Cornerback	11	YKW
161	DeathOnReddit	12	AZ
535	run_CMC	12	AZ
294	manicmav36	12	BAL
300	iamslm22	12	BAL
130	dropbear	12	COL
562	infinitempg	12	COL
399	Bayley	12	NOLA
346	RedCydranth	12	OCO
582	speculadora	12	OCO
126	37thchamber	12	PHI
662	BWIII	12	PHI
723	AW13	12	SJS
33	ckroyal92	12	SJS
257	Daybe	12	YKW
218	White Cornerback	12	YKW
161	DeathOnReddit	13	AZ
535	run_CMC	13	AZ
300	iamslm22	13	BAL
439	Unicorn	13	BAL
130	dropbear	13	COL
562	infinitempg	13	COL
399	Bayley	13	NOLA
582	speculadora	13	OCO
640	Toasty	13	OCO
126	37thchamber	13	PHI
662	BWIII	13	PHI
723	AW13	13	SJS
33	ckroyal92	13	SJS
257	Daybe	13	YKW
218	White Cornerback	13	YKW
277	SwagSloth	14	AZ
658	iseedoug	14	BAL
632	nunccoepi	14	BAL
147	Bwestfield	14	COL
562	infinitempg	14	COL
402	JuOSu	14	NOLA
582	speculadora	14	OCO
640	Toasty	14	OCO
126	37thchamber	14	PHI
662	BWIII	14	PHI
723	AW13	14	SJS
33	ckroyal92	14	SJS
446	AdamS	14	YKW
257	Daybe	14	YKW
277	SwagSloth	15	AZ
658	iseedoug	15	BAL
632	nunccoepi	15	BAL
147	Bwestfield	15	COL
562	infinitempg	15	COL
402	JuOSu	15	NOLA
896	terriblehippo	15	NOLA
582	speculadora	15	OCO
640	Toasty	15	OCO
126	37thchamber	15	PHI
662	BWIII	15	PHI
723	AW13	15	SJS
33	ckroyal92	15	SJS
828	Bigred1580	15	YKW
257	Daybe	15	YKW
886	gucci	16	AZ
277	SwagSloth	16	AZ
446	AdamS	16	AUS
487	JKortesi81	16	AUS
658	iseedoug	16	BAL
632	nunccoepi	16	BAL
220	Muford	16	CHI
305	Oles	16	CHI
147	Bwestfield	16	COL
562	infinitempg	16	COL
402	JuOSu	16	NOLA
896	terriblehippo	16	NOLA
792	MrStennett	16	OCO
582	speculadora	16	OCO
662	BWIII	16	PHI
225	Vanderjagt	16	PHI
723	AW13	16	SJS
33	ckroyal92	16	SJS
828	Bigred1580	16	YKW
257	Daybe	16	YKW
886	gucci	17	AZ
277	SwagSloth	17	AZ
446	AdamS	17	AUS
487	JKortesi81	17	AUS
658	iseedoug	17	BAL
632	nunccoepi	17	BAL
996	flyeaglesfly29	17	CHI
305	Oles	17	CHI
147	Bwestfield	17	COL
562	infinitempg	17	COL
402	JuOSu	17	NOLA
896	terriblehippo	17	NOLA
792	MrStennett	17	OCO
582	speculadora	17	OCO
662	BWIII	17	PHI
225	Vanderjagt	17	PHI
33	ckroyal92	17	SJS
958	Rradum	17	SJS
828	Bigred1580	17	YKW
257	Daybe	17	YKW
685	Moosecop	18	AZ
277	SwagSloth	18	AZ
446	AdamS	18	AUS
487	JKortesi81	18	AUS
963	Duilio05	18	BAL
951	ScorpXCracker	18	BAL
207	Jiggly_333	18	CHI
640	Toasty	18	CHI
147	Bwestfield	18	COL
900	Frick_Nasty	18	COL
402	JuOSu	18	NOLA
971	TomHanks	18	NOLA
1158	.Laser	18	OCO
582	speculadora	18	OCO
937	Fordhammer	18	PHI
300	iamslm22	18	PHI
33	ckroyal92	18	SJS
958	Rradum	18	SJS
828	Bigred1580	18	YKW
1004	shadyshoelace	18	YKW
685	Moosecop	19	AZ
277	SwagSloth	19	AZ
446	AdamS	19	AUS
487	JKortesi81	19	AUS
963	Duilio05	19	BAL
951	ScorpXCracker	19	BAL
381	ItsJustBarry	19	CHI
950	ValorX77	19	CHI
147	Bwestfield	19	COL
900	Frick_Nasty	19	COL
402	JuOSu	19	NOLA
971	TomHanks	19	NOLA
1158	.Laser	19	OCO
582	speculadora	19	OCO
1205	goodvsevil1275	19	PHI
1257	Hallmonitor_20	19	PHI
33	ckroyal92	19	SJS
958	Rradum	19	SJS
828	Bigred1580	19	YKW
1004	shadyshoelace	19	YKW
685	Moosecop	20	AZ
277	SwagSloth	20	AZ
446	AdamS	20	AUS
487	JKortesi81	20	AUS
963	Duilio05	20	BAL
883	Huskies311	20	BAL
979	br0_0ker	20	CHI
950	ValorX77	20	CHI
147	Bwestfield	20	COL
900	Frick_Nasty	20	COL
402	JuOSu	20	NOLA
971	TomHanks	20	NOLA
1158	.Laser	20	OCO
1285	Revolution5	20	OCO
1257	Hallmonitor_20	20	PHI
1124	TubbyTim69	20	PHI
33	ckroyal92	20	SJS
958	Rradum	20	SJS
996	flyeaglesfly29	20	YKW
1004	shadyshoelace	20	YKW
594	Drizzy	21	AZ
439	Unicorn	21	AZ
487	JKortesi81	21	AUS
1073	Mooty99	21	AUS
963	Duilio05	21	BAL
883	Huskies311	21	BAL
207	Jiggly_333	21	CHI
792	MrStennett	21	CHI
900	Frick_Nasty	21	COL
1135	woelkers	21	COL
402	JuOSu	21	NOLA
971	TomHanks	21	NOLA
1158	.Laser	21	OCO
1285	Revolution5	21	OCO
1257	Hallmonitor_20	21	PHI
1124	TubbyTim69	21	PHI
33	ckroyal92	21	SJS
958	Rradum	21	SJS
996	flyeaglesfly29	21	YKW
1004	shadyshoelace	21	YKW
1658	Isidore94	22	AZ
439	Unicorn	22	AZ
487	JKortesi81	22	AUS
1073	Mooty99	22	AUS
963	Duilio05	22	BAL
883	Huskies311	22	BAL
399	Bayley	22	CHI
220	Muford	22	CHI
900	Frick_Nasty	22	COL
1135	woelkers	22	COL
20	ADwyer87	22	HON
24	Raven	22	HON
1197	IsaStarcrossed	22	NOLA
971	TomHanks	22	NOLA
1158	.Laser	22	OCO
1285	Revolution5	22	OCO
1257	Hallmonitor_20	22	PHI
1124	TubbyTim69	22	PHI
33	ckroyal92	22	SJS
958	Rradum	22	SJS
1236	Frostbite	22	SAR
186	RainDelay	22	SAR
996	flyeaglesfly29	22	YKW
1004	shadyshoelace	22	YKW
439	Unicorn	23	AZ
2038	xQCFamous	23	AZ
487	JKortesi81	23	AUS
1073	Mooty99	23	AUS
1297	Dewalt27	23	BAL
883	Huskies311	23	BAL
399	Bayley	23	CHI
220	Muford	23	CHI
900	Frick_Nasty	23	COL
1135	woelkers	23	COL
20	ADwyer87	23	HON
24	Raven	23	HON
1197	IsaStarcrossed	23	NOLA
971	TomHanks	23	NOLA
1158	.Laser	23	OCO
1285	Revolution5	23	OCO
1257	Hallmonitor_20	23	PHI
3878	soup	23	PHI
33	ckroyal92	23	SJS
958	Rradum	23	SJS
1236	Frostbite	23	SAR
186	RainDelay	23	SAR
996	flyeaglesfly29	23	YKW
1004	shadyshoelace	23	YKW
439	Unicorn	24	AZ
2038	xQCFamous	24	AZ
487	JKortesi81	24	AUS
1073	Mooty99	24	AUS
1097	Buttersqauch101	24	BAL
883	Huskies311	24	BAL
399	Bayley	24	CHI
220	Muford	24	CHI
900	Frick_Nasty	24	COL
1135	woelkers	24	COL
886	gucci	24	HON
24	Raven	24	HON
1199	ddrector	24	NOLA
971	TomHanks	24	NOLA
1426	jeffie43	24	OCO
1158	.Laser	24	OCO
1257	Hallmonitor_20	24	PHI
3878	soup	24	PHI
33	ckroyal92	24	SJS
958	Rradum	24	SJS
1236	Frostbite	24	SAR
1847	sakrosankt	24	SAR
996	flyeaglesfly29	24	YKW
1717	PMoney	24	YKW
439	Unicorn	25	AZ
2082	Z-Whiz	25	AZ
1961	Amidships	25	AUS
1073	Mooty99	25	AUS
1097	Buttersqauch101	25	BAL
1060	Starboy	25	BAL
1297	Dewalt27	25	BER
1937	Highhaschdi	25	BER
399	Bayley	25	CHI
220	Muford	25	CHI
1970	Sylphreni	25	COL
1766	thevoicelesscreator	25	COL
886	gucci	25	HON
1343	siddhus	25	HON
1199	ddrector	25	NOLA
867	slothfacekilla	25	NOLA
147	Bwestfield	25	NYS
1135	woelkers	25	NYS
1426	jeffie43	25	OCO
1158	.Laser	25	OCO
2241	charlit	25	PHI
3878	soup	25	PHI
33	ckroyal92	25	SJS
958	Rradum	25	SJS
1236	Frostbite	25	SAR
1847	sakrosankt	25	SAR
996	flyeaglesfly29	25	YKW
1717	PMoney	25	YKW
2165	Crunk	26	AZ
2082	Z-Whiz	26	AZ
1961	Amidships	26	AUS
1365	Kyle	26	AUS
1097	Buttersqauch101	26	BAL
1060	Starboy	26	BAL
1297	Dewalt27	26	BER
1937	Highhaschdi	26	BER
399	Bayley	26	CHI
220	Muford	26	CHI
1970	Sylphreni	26	COL
1766	thevoicelesscreator	26	COL
886	gucci	26	HON
1343	siddhus	26	HON
1199	ddrector	26	NOLA
1592	mithrandir	26	NOLA
147	Bwestfield	26	NYS
1135	woelkers	26	NYS
1426	jeffie43	26	OCO
1158	.Laser	26	OCO
2144	Pat	26	PHI
2156	Cody	26	PHI
33	ckroyal92	26	SJS
958	Rradum	26	SJS
1236	Frostbite	26	SAR
1847	sakrosankt	26	SAR
996	flyeaglesfly29	26	YKW
1717	PMoney	26	YKW
2082	Z-Whiz	27	AZ
2165	Crunk	27	AZ
1961	Amidships	27	AUS
1365	Kyle	27	AUS
1097	Buttersqauch101	27	BAL
1060	Starboy	27	BAL
1297	Dewalt27	27	BER
1937	Highhaschdi	27	BER
399	Bayley	27	CHI
220	Muford	27	CHI
1970	Sylphreni	27	COL
2102	SchwarzNarr	27	COL
1343	siddhus	27	HON
2052	Attopax	27	HON
1199	ddrector	27	NOLA
1592	mithrandir	27	NOLA
1135	woelkers	27	NYS
2214	zaynzk	27	NYS
1609	Blasoon	27	OCO
1778	Memento Mori	27	OCO
2144	Pat	27	PHI
2156	Cody	27	PHI
33	ckroyal92	27	SJS
1625	Matty7478	27	SJS
1236	Frostbite	27	SAR
1847	sakrosankt	27	SAR
996	flyeaglesfly29	27	YKW
1717	PMoney	27	YKW
2082	Z-Whiz	28	AZ
2165	Crunk	28	AZ
1961	Amidships	28	AUS
1365	Kyle	28	AUS
900	Frick_Nasty	28	BAL
1257	Hallmonitor_20	28	BAL
1297	Dewalt27	28	BER
1937	Highhaschdi	28	BER
399	Bayley	28	CHI
1866	TheCC	28	CHI
1970	Sylphreni	28	COL
2102	SchwarzNarr	28	COL
1343	siddhus	28	HON
2052	Attopax	28	HON
1199	ddrector	28	NOLA
1592	mithrandir	28	NOLA
1135	woelkers	28	NYS
2214	zaynzk	28	NYS
1609	Blasoon	28	OCO
1778	Memento Mori	28	OCO
2144	Pat	28	PHI
2156	Cody	28	PHI
33	ckroyal92	28	SJS
1625	Matty7478	28	SJS
1236	Frostbite	28	SAR
1847	sakrosankt	28	SAR
996	flyeaglesfly29	28	YKW
1717	PMoney	28	YKW
2082	Z-Whiz	29	AZ
2165	Crunk	29	AZ
1961	Amidships	29	AUS
1365	Kyle	29	AUS
900	Frick_Nasty	29	BAL
1257	Hallmonitor_20	29	BAL
1297	Dewalt27	29	BER
1937	Highhaschdi	29	BER
399	Bayley	29	CHI
1866	TheCC	29	CHI
1970	Sylphreni	29	COL
2102	SchwarzNarr	29	COL
1343	siddhus	29	HON
2052	Attopax	29	HON
1199	ddrector	29	NOLA
1592	mithrandir	29	NOLA
2214	zaynzk	29	NYS
1930	TheRocheLimit	29	NYS
1609	Blasoon	29	OCO
1778	Memento Mori	29	OCO
2144	Pat	29	PHI
2156	Cody	29	PHI
33	ckroyal92	29	SJS
1625	Matty7478	29	SJS
1236	Frostbite	29	SAR
1847	sakrosankt	29	SAR
996	flyeaglesfly29	29	YKW
1717	PMoney	29	YKW
2082	Z-Whiz	30	AZ
2165	Crunk	30	AZ
1961	Amidships	30	AUS
2274	frazzle14	30	AUS
900	Frick_Nasty	30	BAL
1257	Hallmonitor_20	30	BAL
1297	Dewalt27	30	BER
1937	Highhaschdi	30	BER
399	Bayley	30	CHI
1866	TheCC	30	CHI
1970	Sylphreni	30	COL
2102	SchwarzNarr	30	COL
1343	siddhus	30	HON
2052	Attopax	30	HON
1592	mithrandir	30	NOLA
2198	GuitarMaster116	30	NOLA
2214	zaynzk	30	NYS
1930	TheRocheLimit	30	NYS
1609	Blasoon	30	OCO
1778	Memento Mori	30	OCO
2144	Pat	30	PHI
2156	Cody	30	PHI
33	ckroyal92	30	SJS
1625	Matty7478	30	SJS
1236	Frostbite	30	SAR
2300	Mojojojo	30	SAR
996	flyeaglesfly29	30	YKW
1717	PMoney	30	YKW
2082	Z-Whiz	31	AZ
2165	Crunk	31	AZ
1961	Amidships	31	AUS
2274	frazzle14	31	AUS
900	Frick_Nasty	31	BAL
1257	Hallmonitor_20	31	BAL
1297	Dewalt27	31	BER
1937	Highhaschdi	31	BER
399	Bayley	31	CHI
1866	TheCC	31	CHI
2102	SchwarzNarr	31	COL
1661	Tesla	31	COL
1343	siddhus	31	HON
2637	MMFLEX	31	HON
1592	mithrandir	31	NOLA
2198	GuitarMaster116	31	NOLA
2214	zaynzk	31	NYS
1930	TheRocheLimit	31	NYS
1778	Memento Mori	31	OCO
2526	Gragg9	31	OCO
2144	Pat	31	PHI
2156	Cody	31	PHI
33	ckroyal92	31	SJS
1641	RussDrivesTheBus	31	SJS
2300	Mojojojo	31	SAR
2091	abh89	31	SAR
1717	PMoney	31	YKW
2192	Arkz	31	YKW
2082	Z-Whiz	32	AZ
2165	Crunk	32	AZ
1961	Amidships	32	AUS
2274	frazzle14	32	AUS
900	Frick_Nasty	32	BAL
1257	Hallmonitor_20	32	BAL
1297	Dewalt27	32	BER
1158	.Laser	32	BER
399	Bayley	32	CHI
1866	TheCC	32	CHI
2102	SchwarzNarr	32	COL
1661	Tesla	32	COL
1343	siddhus	32	HON
2637	MMFLEX	32	HON
1592	mithrandir	32	NOLA
2198	GuitarMaster116	32	NOLA
2214	zaynzk	32	NYS
1930	TheRocheLimit	32	NYS
2526	Gragg9	32	OCO
2474	shrub02	32	OCO
2144	Pat	32	PHI
2156	Cody	32	PHI
33	ckroyal92	32	SJS
1641	RussDrivesTheBus	32	SJS
2300	Mojojojo	32	SAR
2091	abh89	32	SAR
2192	Arkz	32	YKW
1643	ZootTX	32	YKW
2082	Z-Whiz	33	AZ
2165	Crunk	33	AZ
2274	frazzle14	33	AUS
2706	unconfident	33	AUS
1257	Hallmonitor_20	33	BAL
1754	NicholasTheGreat	33	BAL
1297	Dewalt27	33	BER
1158	.Laser	33	BER
1866	TheCC	33	CHI
2162	Crodyman	33	CHI
1661	Tesla	33	COL
2744	g2019	33	COL
1343	siddhus	33	HON
2637	MMFLEX	33	HON
1592	mithrandir	33	NOLA
2198	GuitarMaster116	33	NOLA
2214	zaynzk	33	NYS
1930	TheRocheLimit	33	NYS
2526	Gragg9	33	OCO
2474	shrub02	33	OCO
2144	Pat	33	PHI
2156	Cody	33	PHI
33	ckroyal92	33	SJS
1641	RussDrivesTheBus	33	SJS
2300	Mojojojo	33	SAR
2091	abh89	33	SAR
2192	Arkz	33	YKW
1643	ZootTX	33	YKW
2082	Z-Whiz	34	AZ
2165	Crunk	34	AZ
2274	frazzle14	34	AUS
2706	unconfident	34	AUS
1754	NicholasTheGreat	34	BAL
2838	Trempale	34	BAL
1297	Dewalt27	34	BER
2124	Eldorian	34	BER
1866	TheCC	34	CHI
2162	Crodyman	34	CHI
1661	Tesla	34	COL
1902	SwankyPants31	34	COL
2637	MMFLEX	34	HON
2583	IceBear32	34	HON
1592	mithrandir	34	NOLA
2198	GuitarMaster116	34	NOLA
2214	zaynzk	34	NYS
1930	TheRocheLimit	34	NYS
2474	shrub02	34	OCO
2284	ThunderTitan82	34	OCO
2144	Pat	34	PHI
2156	Cody	34	PHI
33	ckroyal92	34	SJS
1641	RussDrivesTheBus	34	SJS
2300	Mojojojo	34	SAR
2091	abh89	34	SAR
2192	Arkz	34	YKW
1643	ZootTX	34	YKW
2165	Crunk	35	AZ
1851	.simo	35	AZ
2274	frazzle14	35	AUS
2706	unconfident	35	AUS
1754	NicholasTheGreat	35	BAL
2838	Trempale	35	BAL
1297	Dewalt27	35	BER
2124	Eldorian	35	BER
1866	TheCC	35	CHI
2162	Crodyman	35	CHI
1661	Tesla	35	COL
1902	SwankyPants31	35	COL
2637	MMFLEX	35	HON
2583	IceBear32	35	HON
2198	GuitarMaster116	35	NOLA
1781	SomeSay...	35	NOLA
2214	zaynzk	35	NYS
1930	TheRocheLimit	35	NYS
2284	ThunderTitan82	35	OCO
2592	bowl0	35	OCO
2333	negs	35	PHI
2615	Luciddreams702	35	PHI
33	ckroyal92	35	SJS
1641	RussDrivesTheBus	35	SJS
2091	abh89	35	SAR
2584	Fronk	35	SAR
2192	Arkz	35	YKW
1643	ZootTX	35	YKW
2165	Crunk	36	AZ
1851	.simo	36	AZ
2274	frazzle14	36	AUS
2706	unconfident	36	AUS
1754	NicholasTheGreat	36	BAL
2838	Trempale	36	BAL
1297	Dewalt27	36	BER
1482	rapideagle	36	BER
1866	TheCC	36	CHI
2492	Painted	36	CHI
1661	Tesla	36	COL
1902	SwankyPants31	36	COL
2637	MMFLEX	36	HON
2583	IceBear32	36	HON
2198	GuitarMaster116	36	NOLA
1781	SomeSay...	36	NOLA
2214	zaynzk	36	NYS
1930	TheRocheLimit	36	NYS
2284	ThunderTitan82	36	OCO
2592	bowl0	36	OCO
2333	negs	36	PHI
2615	Luciddreams702	36	PHI
33	ckroyal92	36	SJS
1641	RussDrivesTheBus	36	SJS
2091	abh89	36	SAR
2584	Fronk	36	SAR
2192	Arkz	36	YKW
1643	ZootTX	36	YKW
1851	.simo	37	AZ
2166	Kotasa	37	AZ
2274	frazzle14	37	AUS
2706	unconfident	37	AUS
1754	NicholasTheGreat	37	BAL
2838	Trempale	37	BAL
1297	Dewalt27	37	BER
1482	rapideagle	37	BER
1866	TheCC	37	CHI
2492	Painted	37	CHI
1661	Tesla	37	COL
1902	SwankyPants31	37	COL
2637	MMFLEX	37	HON
2583	IceBear32	37	HON
2198	GuitarMaster116	37	NOLA
1781	SomeSay...	37	NOLA
2214	zaynzk	37	NYS
1930	TheRocheLimit	37	NYS
2199	slate	37	OCO
2670	Beck	37	OCO
2333	negs	37	PHI
2615	Luciddreams702	37	PHI
33	ckroyal92	37	SJS
1641	RussDrivesTheBus	37	SJS
2091	abh89	37	SAR
2584	Fronk	37	SAR
2192	Arkz	37	YKW
1643	ZootTX	37	YKW
1851	.simo	38	AZ
2166	Kotasa	38	AZ
2274	frazzle14	38	AUS
2706	unconfident	38	AUS
1754	NicholasTheGreat	38	BAL
2838	Trempale	38	BAL
1297	Dewalt27	38	BER
1482	rapideagle	38	BER
1866	TheCC	38	CHI
2492	Painted	38	CHI
1661	Tesla	38	COL
1902	SwankyPants31	38	COL
2637	MMFLEX	38	HON
2583	IceBear32	38	HON
2198	GuitarMaster116	38	NOLA
1781	SomeSay...	38	NOLA
2214	zaynzk	38	NYS
1930	TheRocheLimit	38	NYS
2199	slate	38	OCO
2670	Beck	38	OCO
2333	negs	38	PHI
2615	Luciddreams702	38	PHI
33	ckroyal92	38	SJS
1641	RussDrivesTheBus	38	SJS
2091	abh89	38	SAR
2584	Fronk	38	SAR
2192	Arkz	38	YKW
1643	ZootTX	38	YKW
1851	.simo	39	AZ
2166	Kotasa	39	AZ
2274	frazzle14	39	AUS
2706	unconfident	39	AUS
2838	Trempale	39	BAL
2490	dude_man	39	BAL
1297	Dewalt27	39	BER
2196	r0tzbua	39	BER
1866	TheCC	39	CHI
2492	Painted	39	CHI
1661	Tesla	39	COL
1902	SwankyPants31	39	COL
2637	MMFLEX	39	HON
2583	IceBear32	39	HON
2198	GuitarMaster116	39	NOLA
1781	SomeSay...	39	NOLA
2214	zaynzk	39	NYS
1930	TheRocheLimit	39	NYS
2199	slate	39	OCO
2670	Beck	39	OCO
2333	negs	39	CTC
2615	Luciddreams702	39	CTC
33	ckroyal92	39	SJS
1641	RussDrivesTheBus	39	SJS
2091	abh89	39	SAR
2584	Fronk	39	SAR
2192	Arkz	39	YKW
1643	ZootTX	39	YKW
1851	.simo	40	AZ
2166	Kotasa	40	AZ
2274	frazzle14	40	AUS
2706	unconfident	40	AUS
2838	Trempale	40	BAL
2490	dude_man	40	BAL
1297	Dewalt27	40	BER
2196	r0tzbua	40	BER
1866	TheCC	40	CHI
2492	Painted	40	CHI
1661	Tesla	40	COL
1902	SwankyPants31	40	COL
2637	MMFLEX	40	HON
2583	IceBear32	40	HON
2198	GuitarMaster116	40	NOLA
1781	SomeSay...	40	NOLA
2214	zaynzk	40	NYS
1930	TheRocheLimit	40	NYS
2199	slate	40	OCO
2670	Beck	40	OCO
2333	negs	40	CTC
2615	Luciddreams702	40	CTC
33	ckroyal92	40	SJS
1641	RussDrivesTheBus	40	SJS
2091	abh89	40	SAR
2584	Fronk	40	SAR
2192	Arkz	40	YKW
1643	ZootTX	40	YKW
1851	.simo	41	AZ
2166	Kotasa	41	AZ
2274	frazzle14	41	AUS
2706	unconfident	41	AUS
2838	Trempale	41	BAL
2490	dude_man	41	BAL
1297	Dewalt27	41	BER
2196	r0tzbua	41	BER
1866	TheCC	41	CHI
2492	Painted	41	CHI
1902	SwankyPants31	41	COL
1384	Ephenssta	41	COL
2637	MMFLEX	41	HON
2583	IceBear32	41	HON
2080	MobiausGrander	41	NOLA
3133	Jaywe88	41	NOLA
2214	zaynzk	41	NYS
3138	Repgnar	41	NYS
2199	slate	41	OCO
2670	Beck	41	OCO
2333	negs	41	CTC
3101	lordcoolcats	41	CTC
33	ckroyal92	41	SJS
1641	RussDrivesTheBus	41	SJS
2091	abh89	41	SAR
2584	Fronk	41	SAR
2192	Arkz	41	YKW
1643	ZootTX	41	YKW
1851	.simo	42	AZ
2166	Kotasa	42	AZ
2274	frazzle14	42	AUS
2706	unconfident	42	AUS
2490	dude_man	42	BAL
3153	Charple	42	BAL
1297	Dewalt27	42	BER
2196	r0tzbua	42	BER
2333	negs	42	CTC
3101	lordcoolcats	42	CTC
1866	TheCC	42	CHI
2492	Painted	42	CHI
1875	iStegosauruz	42	COL
1384	Ephenssta	42	COL
2637	MMFLEX	42	HON
2583	IceBear32	42	HON
2080	MobiausGrander	42	NOLA
3133	Jaywe88	42	NOLA
2214	zaynzk	42	NYS
3138	Repgnar	42	NYS
2199	slate	42	OCO
2670	Beck	42	OCO
33	ckroyal92	42	SJS
1641	RussDrivesTheBus	42	SJS
2091	abh89	42	SAR
2584	Fronk	42	SAR
1643	ZootTX	42	YKW
2874	TubaDeus	42	YKW
1851	.simo	43	AZ
2166	Kotasa	43	AZ
2274	frazzle14	43	AUS
2706	unconfident	43	AUS
2490	dude_man	43	BAL
3153	Charple	43	BAL
1297	Dewalt27	43	BER
2196	r0tzbua	43	BER
2333	negs	43	CTC
3101	lordcoolcats	43	CTC
1866	TheCC	43	CHI
2492	Painted	43	CHI
1875	iStegosauruz	43	COL
1384	Ephenssta	43	COL
2637	MMFLEX	43	HON
2583	IceBear32	43	HON
2080	MobiausGrander	43	NOLA
3490	baz	43	NOLA
3138	Repgnar	43	NYS
3573	wizard_literal	43	NYS
2670	Beck	43	OCO
3515	UptownCord	43	OCO
33	ckroyal92	43	SJS
1641	RussDrivesTheBus	43	SJS
2091	abh89	43	SAR
2584	Fronk	43	SAR
1643	ZootTX	43	YKW
2874	TubaDeus	43	YKW
2166	Kotasa	44	AZ
3743	lemonoppy	44	AZ
2274	frazzle14	44	AUS
2706	unconfident	44	AUS
2490	dude_man	44	BAL
3153	Charple	44	BAL
1297	Dewalt27	44	BER
2196	r0tzbua	44	BER
2333	negs	44	CTC
3101	lordcoolcats	44	CTC
2492	Painted	44	CHI
2461	firstfray	44	CHI
1875	iStegosauruz	44	COL
1384	Ephenssta	44	COL
2637	MMFLEX	44	HON
2583	IceBear32	44	HON
2080	MobiausGrander	44	NOLA
3490	baz	44	NOLA
3138	Repgnar	44	NYS
3573	wizard_literal	44	NYS
2670	Beck	44	OCO
3515	UptownCord	44	OCO
33	ckroyal92	44	SJS
1641	RussDrivesTheBus	44	SJS
2091	abh89	44	SAR
3586	Sizz	44	SAR
2874	TubaDeus	44	YKW
2404	Gumbaman	44	YKW
2166	Kotasa	45	AZ
3743	lemonoppy	45	AZ
2706	unconfident	45	AUS
2827	PugWalrus	45	AUS
2490	dude_man	45	BAL
3666	swoosh	45	BAL
1297	Dewalt27	45	BER
2196	r0tzbua	45	BER
2333	negs	45	CTC
3101	lordcoolcats	45	CTC
2492	Painted	45	CHI
2461	firstfray	45	CHI
1875	iStegosauruz	45	COL
1384	Ephenssta	45	COL
2637	MMFLEX	45	HON
2583	IceBear32	45	HON
3490	baz	45	NOLA
3594	toofpete	45	NOLA
3138	Repgnar	45	NYS
3573	wizard_literal	45	NYS
2670	Beck	45	OCO
3515	UptownCord	45	OCO
33	ckroyal92	45	SJS
1641	RussDrivesTheBus	45	SJS
2091	abh89	45	SAR
3586	Sizz	45	SAR
2874	TubaDeus	45	YKW
1426	jeffie43	45	YKW
2166	Kotasa	46	AZ
3743	lemonoppy	46	AZ
2827	PugWalrus	46	AUS
1073	Mooty99	46	AUS
3666	swoosh	46	BAL
1902	SwankyPants31	46	BAL
1297	Dewalt27	46	BER
2196	r0tzbua	46	BER
2333	negs	46	CTC
3101	lordcoolcats	46	CTC
2492	Painted	46	CHI
2461	firstfray	46	CHI
1875	iStegosauruz	46	COL
3707	electrictree	46	COL
2637	MMFLEX	46	HON
2583	IceBear32	46	HON
3490	baz	46	NOLA
3594	toofpete	46	NOLA
3138	Repgnar	46	NYS
3573	wizard_literal	46	NYS
2670	Beck	46	OCO
3515	UptownCord	46	OCO
1641	RussDrivesTheBus	46	SJS
2565	Urq660	46	SJS
2091	abh89	46	SAR
2584	Fronk	46	SAR
2874	TubaDeus	46	YKW
1426	jeffie43	46	YKW
3743	lemonoppy	47	AZ
2224	zeagle1	47	AZ
2827	PugWalrus	47	AUS
1073	Mooty99	47	AUS
3666	swoosh	47	BAL
1902	SwankyPants31	47	BAL
1297	Dewalt27	47	BER
3282	Gadget	47	BER
2333	negs	47	CTC
3101	lordcoolcats	47	CTC
2492	Painted	47	CHI
2461	firstfray	47	CHI
1875	iStegosauruz	47	COL
3570	aeonsjenni	47	COL
2583	IceBear32	47	HON
3527	LtHudz	47	HON
3594	toofpete	47	NOLA
3826	Tmoney6996	47	NOLA
3138	Repgnar	47	NYS
3573	wizard_literal	47	NYS
2670	Beck	47	OCO
3515	UptownCord	47	OCO
1641	RussDrivesTheBus	47	SJS
2565	Urq660	47	SJS
2091	abh89	47	SAR
2584	Fronk	47	SAR
2874	TubaDeus	47	YKW
3793	homercrates	47	YKW
3743	lemonoppy	48	AZ
2224	zeagle1	48	AZ
2827	PugWalrus	48	AUS
1073	Mooty99	48	AUS
3666	swoosh	48	BAL
1902	SwankyPants31	48	BAL
1297	Dewalt27	48	BER
3282	Gadget	48	BER
2333	negs	48	CTC
3101	lordcoolcats	48	CTC
2492	Painted	48	CHI
2461	firstfray	48	CHI
1875	iStegosauruz	48	COL
3570	aeonsjenni	48	COL
2583	IceBear32	48	HON
3527	LtHudz	48	HON
3594	toofpete	48	NOLA
3826	Tmoney6996	48	NOLA
3138	Repgnar	48	NYS
3573	wizard_literal	48	NYS
3515	UptownCord	48	OCO
3919	amjohnson636	48	OCO
1641	RussDrivesTheBus	48	SJS
2565	Urq660	48	SJS
2091	abh89	48	SAR
2584	Fronk	48	SAR
2874	TubaDeus	48	YKW
3793	homercrates	48	YKW
3743	lemonoppy	49	AZ
2224	zeagle1	49	AZ
2827	PugWalrus	49	AUS
1073	Mooty99	49	AUS
3666	swoosh	49	BAL
1902	SwankyPants31	49	BAL
1297	Dewalt27	49	BER
3282	Gadget	49	BER
3101	lordcoolcats	49	CTC
3551	Cycro	49	CTC
2492	Painted	49	OSK
2461	firstfray	49	OSK
1875	iStegosauruz	49	COL
3570	aeonsjenni	49	COL
2583	IceBear32	49	HON
3527	LtHudz	49	HON
3594	toofpete	49	NOLA
3826	Tmoney6996	49	NOLA
3138	Repgnar	49	NYS
3573	wizard_literal	49	NYS
3515	UptownCord	49	OCO
3919	amjohnson636	49	OCO
1641	RussDrivesTheBus	49	SJS
2565	Urq660	49	SJS
2091	abh89	49	SAR
2584	Fronk	49	SAR
3793	homercrates	49	YKW
1486	juniped	49	YKW
2224	zeagle1	50	AZ
3828	Bamford13	50	AZ
2827	PugWalrus	50	AUS
1073	Mooty99	50	AUS
3666	swoosh	50	BAL
1902	SwankyPants31	50	BAL
1297	Dewalt27	50	BER
3282	Gadget	50	BER
3101	lordcoolcats	50	CTC
3551	Cycro	50	CTC
2461	firstfray	50	OSK
3778	Triceracop	50	OSK
1875	iStegosauruz	50	COL
3570	aeonsjenni	50	COL
2583	IceBear32	50	HON
3527	LtHudz	50	HON
3594	toofpete	50	NOLA
3826	Tmoney6996	50	NOLA
3138	Repgnar	50	NYS
3573	wizard_literal	50	NYS
3515	UptownCord	50	OCO
3919	amjohnson636	50	OCO
1641	RussDrivesTheBus	50	SJS
2565	Urq660	50	SJS
2091	abh89	50	SAR
2584	Fronk	50	SAR
3793	homercrates	50	YKW
1486	juniped	50	YKW
2224	zeagle1	51	AZ
3828	Bamford13	51	AZ
1073	Mooty99	51	AUS
3757	RobJG2	51	AUS
3666	swoosh	51	BAL
1902	SwankyPants31	51	BAL
3282	Gadget	51	BFB
3951	Jackienape	51	BFB
3101	lordcoolcats	51	CTC
3551	Cycro	51	CTC
2461	firstfray	51	OSK
3778	Triceracop	51	OSK
1875	iStegosauruz	51	COL
3570	aeonsjenni	51	COL
2583	IceBear32	51	HON
3527	LtHudz	51	HON
3594	toofpete	51	NOLA
3826	Tmoney6996	51	NOLA
3573	wizard_literal	51	NYS
3957	Daniel	51	NYS
3515	UptownCord	51	OCO
3919	amjohnson636	51	OCO
1641	RussDrivesTheBus	51	SJS
2565	Urq660	51	SJS
2091	abh89	51	SAR
2584	Fronk	51	SAR
3793	homercrates	51	YKW
1486	juniped	51	YKW
3828	Bamford13	52	AZ
3559	CROney3	52	AZ
1073	Mooty99	52	AUS
3757	RobJG2	52	AUS
3666	swoosh	52	BAL
1902	SwankyPants31	52	BAL
3951	Jackienape	52	BFB
4324	IR15H0000000000	52	BFB
3101	lordcoolcats	52	CTC
3551	Cycro	52	CTC
2461	firstfray	52	OSK
3778	Triceracop	52	OSK
1875	iStegosauruz	52	COL
1124	TubbyTim69	52	COL
2583	IceBear32	52	HON
3527	LtHudz	52	HON
3826	Tmoney6996	52	NOLA
3888	thewhovian	52	NOLA
3573	wizard_literal	52	NYS
3957	Daniel	52	NYS
3515	UptownCord	52	OCO
2637	MMFLEX	52	OCO
1641	RussDrivesTheBus	52	SJS
2565	Urq660	52	SJS
2091	abh89	52	SAR
2584	Fronk	52	SAR
3793	homercrates	52	YKW
1486	juniped	52	YKW
3828	Bamford13	53	AZ
3559	CROney3	53	AZ
1073	Mooty99	53	AUS
3757	RobJG2	53	AUS
3666	swoosh	53	BAL
1902	SwankyPants31	53	BAL
3951	Jackienape	53	BFB
4324	IR15H0000000000	53	BFB
3101	lordcoolcats	53	CTC
3551	Cycro	53	CTC
2461	firstfray	53	OSK
3778	Triceracop	53	OSK
1875	iStegosauruz	53	COL
1124	TubbyTim69	53	COL
2583	IceBear32	53	HON
3527	LtHudz	53	HON
3826	Tmoney6996	53	NOLA
3888	thewhovian	53	NOLA
3573	wizard_literal	53	NYS
3957	Daniel	53	NYS
3515	UptownCord	53	OCO
2637	MMFLEX	53	OCO
1641	RussDrivesTheBus	53	SJS
2565	Urq660	53	SJS
2091	abh89	53	SAR
2584	Fronk	53	SAR
3793	homercrates	53	YKW
1486	juniped	53	YKW
3828	Bamford13	54	AZ
3559	CROney3	54	AZ
1073	Mooty99	54	AUS
2706	unconfident	54	AUS
3666	swoosh	54	BAL
1902	SwankyPants31	54	BAL
3951	Jackienape	54	BFB
4324	IR15H0000000000	54	BFB
3101	lordcoolcats	54	CTC
3551	Cycro	54	CTC
2461	firstfray	54	OSK
3778	Triceracop	54	OSK
1875	iStegosauruz	54	COL
1124	TubbyTim69	54	COL
2583	IceBear32	54	HON
3527	LtHudz	54	HON
3826	Tmoney6996	54	NOLA
3888	thewhovian	54	NOLA
3573	wizard_literal	54	NYS
3957	Daniel	54	NYS
3515	UptownCord	54	OCO
2637	MMFLEX	54	OCO
1641	RussDrivesTheBus	54	SJS
2565	Urq660	54	SJS
2091	abh89	54	SAR
2584	Fronk	54	SAR
3793	homercrates	54	YKW
1486	juniped	54	YKW
3828	Bamford13	55	AZ
3559	CROney3	55	AZ
1073	Mooty99	55	AUS
2706	unconfident	55	AUS
3666	swoosh	55	BAL
1902	SwankyPants31	55	BAL
3951	Jackienape	55	BFB
4324	IR15H0000000000	55	BFB
3101	lordcoolcats	55	CTC
3551	Cycro	55	CTC
2461	firstfray	55	OSK
3778	Triceracop	55	OSK
1875	iStegosauruz	55	COL
1124	TubbyTim69	55	COL
2583	IceBear32	55	HON
3527	LtHudz	55	HON
3826	Tmoney6996	55	NOLA
3888	thewhovian	55	NOLA
3957	Daniel	55	NYS
3515	UptownCord	55	OCO
2637	MMFLEX	55	OCO
1641	RussDrivesTheBus	55	SJS
2565	Urq660	55	SJS
2091	abh89	55	SAR
2584	Fronk	55	SAR
3793	homercrates	55	YKW
1486	juniped	55	YKW
3828	Bamford13	56	AZ
3559	CROney3	56	AZ
1073	Mooty99	56	AUS
2706	unconfident	56	AUS
3666	swoosh	56	BAL
4308	RoyRivers	56	BAL
3951	Jackienape	56	BFB
4324	IR15H0000000000	56	BFB
3101	lordcoolcats	56	CTC
3551	Cycro	56	CTC
2461	firstfray	56	OSK
3778	Triceracop	56	OSK
1875	iStegosauruz	56	COL
1124	TubbyTim69	56	COL
2583	IceBear32	56	HON
4372	Dmac1200	56	HON
3826	Tmoney6996	56	NOLA
3888	thewhovian	56	NOLA
3232	PurplePiratePoo	56	NYS
3957	Daniel	56	NYS
3515	UptownCord	56	OCO
2637	MMFLEX	56	OCO
1641	RussDrivesTheBus	56	SJS
2565	Urq660	56	SJS
2091	abh89	56	SAR
2160	Swanty	56	SAR
3793	homercrates	56	YKW
1486	juniped	56	YKW
3828	Bamford13	57	AZ
3559	CROney3	57	AZ
1073	Mooty99	57	AUS
2706	unconfident	57	AUS
3666	swoosh	57	BAL
4308	RoyRivers	57	BAL
3951	Jackienape	57	BFB
4324	IR15H0000000000	57	BFB
3101	lordcoolcats	57	CTC
3551	Cycro	57	CTC
2461	firstfray	57	OSK
3778	Triceracop	57	OSK
1875	iStegosauruz	57	COL
1124	TubbyTim69	57	COL
2583	IceBear32	57	HON
4372	Dmac1200	57	HON
3826	Tmoney6996	57	NOLA
3888	thewhovian	57	NOLA
3232	PurplePiratePoo	57	NYS
3957	Daniel	57	NYS
3515	UptownCord	57	OCO
2637	MMFLEX	57	OCO
1641	RussDrivesTheBus	57	SJS
2091	abh89	57	SAR
2160	Swanty	57	SAR
4162	Dev0	57	YKW
1486	juniped	57	YKW
4263	lunaripcole	58	AZ
3559	CROney3	58	AZ
1073	Mooty99	58	AUS
2706	unconfident	58	AUS
3666	swoosh	58	BAL
4308	RoyRivers	58	BAL
3951	Jackienape	58	BFB
4324	IR15H0000000000	58	BFB
3101	lordcoolcats	58	CTC
3551	Cycro	58	CTC
2461	firstfray	58	OSK
3778	Triceracop	58	OSK
1875	iStegosauruz	58	COL
1124	TubbyTim69	58	COL
2583	IceBear32	58	HON
4372	Dmac1200	58	HON
3826	Tmoney6996	58	NOLA
4099	ACynicalGamer	58	NOLA
3232	PurplePiratePoo	58	NYS
4653	TheAmericanPineapple	58	NYS
3515	UptownCord	58	OCO
2637	MMFLEX	58	OCO
1641	RussDrivesTheBus	58	SJS
2091	abh89	58	SAR
2160	Swanty	58	SAR
4162	Dev0	58	YKW
1486	juniped	58	YKW
1073	Mooty99	59	AUS
3666	swoosh	59	BAL
4308	RoyRivers	59	BAL
3951	Jackienape	59	BFB
3101	lordcoolcats	59	CTC
3778	Triceracop	59	OSK
4465	Griff	59	HON
4099	ACynicalGamer	59	NOLA
3232	PurplePiratePoo	59	NYS
4653	TheAmericanPineapple	59	NYS
2091	abh89	59	SAR
2160	Swanty	59	SAR
4492	Casey	59	YKW
3232	PurplePiratePoo	55	NYS
3757	RobJG2	57	SJS
3757	RobJG2	58	SJS
3551	Cycro	59	CTC
1875	iStegosauruz	59	COL
2461	firstfray	59	OSK
2583	IceBear32	59	HON
3826	Tmoney6996	59	NOLA
3515	UptownCord	59	OCO
1641	RussDrivesTheBus	59	SJS
3559	CROney3	59	AZ
4324	IR15H0000000000	59	BFB
2637	MMFLEX	59	OCO
2706	unconfident	59	AUS
4162	Dev0	59	YKW
3757	RobJG2	59	SJS
4263	lunaripcole	59	AZ
4697	Mikemart	59	COL
